biosample	has_assembly	assembly_accessions
SAMN02471545	YES	GCF_000307715.1
SAMN02471557	YES	GCF_000452485.1
SAMN02471565	YES	GCF_000452505.1
SAMN03103695	YES	GCF_001305955.1
SAMN03267840	YES	GCF_000834695.1
SAMN03976266	YES	GCF_001401215.1
SAMN03976365	YES	GCF_003702045.1
SAMN03976423	YES	GCF_003700305.1
SAMN03976434	YES	GCF_003700335.1
SAMN04092610	YES	GCF_002723575.1
SAMN04102826	YES	GCF_001466975.1
SAMN04102828	YES	GCF_001642795.1
SAMN04317010	YES	GCF_002158995.1
SAMN05413107	YES	GCF_001716855.1
SAMEA104090973	YES	GCF_900184295.1
SAMN07664227	YES	GCF_002406485.1
SAMN09062491	YES	GCF_005233675.1
SAMN09064882	YES	GCF_005233555.1
SAMEA104471793	YES	GCF_900580565.1
SAMEA104471794	YES	GCF_900580595.1
SAMEA104471795	YES	GCF_900580575.1
SAMEA104471796	YES	GCF_900580625.1
SAMEA104471797	YES	GCF_900580615.1
SAMEA104471798	YES	GCF_900580585.1
SAMEA104471799	YES	GCF_900580645.1
SAMEA104471800	YES	GCF_900580695.1
SAMEA104471801	YES	GCF_900580675.1
SAMEA104471802	YES	GCF_900580685.1
SAMEA104471803	YES	GCF_900580715.1
SAMEA104471804	YES	GCF_900580635.1
SAMEA104471805	YES	GCF_900580665.1
SAMEA104471806	YES	GCF_900580655.1
SAMEA104471807	YES	GCF_900580705.1
SAMEA104471808	YES	GCF_900580725.1
SAMEA104471809	YES	GCF_900580765.1
SAMEA104471810	YES	GCF_900580775.1
SAMEA104471811	YES	GCF_900580785.1
SAMEA104471812	YES	GCF_900580735.1
SAMEA104471813	YES	GCF_900580745.1
SAMEA104471814	YES	GCF_900580755.1
SAMEA104471815	YES	GCF_900580805.1
SAMEA104471816	YES	GCF_900580845.1
SAMEA104471817	YES	GCF_900580855.1
SAMEA104471818	YES	GCF_900580835.1
SAMEA104471819	YES	GCF_900580815.1
SAMEA104471820	YES	GCF_900580825.1
SAMEA104471821	YES	GCF_900580795.1
SAMEA104471822	YES	GCF_900580875.1
SAMEA104471823	YES	GCF_900580865.1
SAMEA104471824	YES	GCF_900580885.1
SAMEA104471825	YES	GCF_900580905.1
SAMEA104471826	YES	GCF_900580895.1
SAMEA104471827	YES	GCA_900580915.1
SAMEA104471828	YES	GCF_900580925.1
SAMEA104471829	YES	GCF_900580945.1
SAMEA104471830	YES	GCF_900580955.1
SAMEA104471831	YES	GCF_900580935.1
SAMEA104471832	YES	GCF_900581035.1
SAMEA104471833	YES	GCF_900580995.1
SAMEA104471834	YES	GCF_900580965.1
SAMEA104471835	YES	GCF_900581005.1
SAMEA104471836	YES	GCF_900580985.1
SAMEA104471837	YES	GCF_900581015.1
SAMEA104471838	YES	GCF_900581025.1
SAMEA104471839	YES	GCF_900581045.1
SAMEA104471840	YES	GCF_900580975.1
SAMEA104471841	YES	GCF_900581055.1
SAMEA104471842	YES	GCF_900581105.1
SAMEA104471843	YES	GCF_900581095.1
SAMEA104471844	YES	GCF_900581115.1
SAMEA104471845	YES	GCF_900581065.1
SAMEA104471846	YES	GCF_900581085.1
SAMEA104471847	YES	GCF_900581075.1
SAMEA104471848	YES	GCF_900581185.1
SAMEA104471849	YES	GCF_900581145.1
SAMEA104471850	YES	GCF_900581135.1
SAMEA104471851	YES	GCF_900581165.1
SAMEA104471852	YES	GCF_900581155.1
SAMEA104471853	YES	GCF_900581175.1
SAMEA104471854	YES	GCF_900581195.1
SAMEA104471855	YES	GCF_900581125.1
SAMEA104471856	YES	GCF_900581565.1
SAMEA104471857	YES	GCF_900581245.1
SAMEA104471858	YES	GCF_900581205.1
SAMEA104471859	YES	GCF_900581215.1
SAMEA104471860	YES	GCF_900581225.1
SAMEA104471861	YES	GCF_900581235.1
SAMEA104471862	YES	GCF_900581285.1
SAMEA104471863	YES	GCF_900581315.1
SAMEA104471864	YES	GCF_900581255.1
SAMEA104471865	YES	GCF_900581295.1
SAMEA104471866	YES	GCF_900581305.1
SAMEA104471867	YES	GCF_900581265.1
SAMEA104471868	YES	GCF_900581275.1
SAMEA104471869	YES	GCF_900581375.1
SAMEA104471870	YES	GCF_900581345.1
SAMEA104471871	YES	GCF_900581365.1
SAMEA104471872	YES	GCF_900581335.1
SAMEA104471873	YES	GCF_900581395.1
SAMEA104471874	YES	GCF_900581325.1
SAMEA104471875	YES	GCF_900581355.1
SAMEA104471876	YES	GCF_900581385.1
SAMEA104471877	YES	GCF_900581465.1
SAMEA104471878	YES	GCF_900581475.1
SAMEA104471879	YES	GCF_900581415.1
SAMEA104471880	YES	GCF_900581445.1
SAMEA104471881	YES	GCF_900581425.1
SAMEA104471882	YES	GCF_900581405.1
SAMEA104471883	YES	GCF_900581435.1
SAMEA104471884	YES	GCF_900581455.1
SAMEA104471885	YES	GCF_900581525.1
SAMEA104471886	YES	GCF_900581535.1
SAMEA104471887	YES	GCF_900581505.1
SAMEA104471888	YES	GCF_900581515.1
SAMEA104471889	YES	GCF_900581485.1
SAMEA104471890	YES	GCF_900581495.1
SAMEA104471891	YES	GCF_900581595.1
SAMEA104471892	YES	GCF_900581575.1
SAMEA104471893	YES	GCF_900581555.1
SAMEA104471894	YES	GCF_900581605.1
SAMEA104471895	YES	GCF_900581585.1
SAMEA104471896	YES	GCF_900581615.1
SAMEA104471897	YES	GCF_900581545.1
SAMEA104471898	YES	GCF_900581695.1
SAMEA104471899	YES	GCF_900581675.1
SAMEA104471900	YES	GCF_900581645.1
SAMEA104471901	YES	GCF_900581625.1
SAMEA104471902	YES	GCF_900581705.1
SAMEA104471903	YES	GCF_900581635.1
SAMEA104471904	YES	GCF_900581685.1
SAMEA104471905	YES	GCF_900581655.1
SAMEA104471906	YES	GCF_900581665.1
SAMEA104471907	YES	GCF_900581745.1
SAMEA104471908	YES	GCF_900581765.1
SAMEA104471909	YES	GCF_900581755.1
SAMEA104471910	YES	GCF_900581725.1
SAMEA104471911	YES	GCF_900581715.1
SAMEA104471912	YES	GCF_900581735.1
SAMEA104471913	YES	GCF_900581825.1
SAMEA104471914	YES	GCF_900581775.1
SAMEA104471915	YES	GCA_900581805.1
SAMEA104471916	YES	GCF_900581835.1
SAMEA104471917	YES	GCF_900581815.1
SAMEA104471918	YES	GCF_900581795.1
SAMEA104471919	YES	GCF_900581785.1
SAMEA104471920	YES	GCF_900581865.1
SAMEA104471921	YES	GCF_900581845.1
SAMEA104471922	YES	GCF_900581855.1
SAMEA104471923	YES	GCF_900581875.1
SAMEA104471924	YES	GCF_900581885.1
SAMEA104471925	YES	GCF_900581905.1
SAMEA104471926	YES	GCF_900581895.1
SAMEA104471927	YES	GCF_900581955.1
SAMEA104471928	YES	GCF_900581915.1
SAMEA104471929	YES	GCF_900581945.1
SAMEA104471930	YES	GCF_900581935.1
SAMEA104471931	YES	GCF_900581965.1
SAMEA104471932	YES	GCF_900581925.1
SAMEA104471933	YES	GCF_900573875.1
SAMEA104471934	YES	GCF_900581995.1
SAMEA104471935	YES	GCF_900582015.1
SAMEA104471936	YES	GCF_900581975.1
SAMEA104471937	YES	GCF_900582025.1
SAMEA104471938	YES	GCF_900582005.1
SAMEA104471939	YES	GCF_900581985.1
SAMEA104471940	YES	GCF_900582085.1
SAMEA104471941	YES	GCF_900582045.1
SAMEA104471942	YES	GCF_900582065.1
SAMEA104471943	YES	GCF_900582075.1
SAMEA104471944	YES	GCF_900582055.1
SAMEA104471945	YES	GCF_900582035.1
SAMEA104471946	YES	GCF_900582095.1
SAMEA104471947	YES	GCF_900582105.1
SAMEA104471948	YES	GCF_900582135.1
SAMEA104471949	YES	GCF_900582125.1
SAMEA104471950	YES	GCF_900582145.1
SAMEA104471951	YES	GCF_900582115.1
SAMEA104471952	YES	GCF_900582195.1
SAMEA104471953	YES	GCF_900582185.1
SAMEA104471954	YES	GCF_900582165.1
SAMEA104471955	YES	GCF_900582155.1
SAMEA104471956	YES	GCF_900582175.1
SAMEA104471957	YES	GCF_900582205.1
SAMEA104471958	YES	GCF_900582245.1
SAMEA104471959	YES	GCF_900582225.1
SAMEA104471960	YES	GCF_900582235.1
SAMEA104471961	YES	GCF_900582395.1
SAMEA104471962	YES	GCF_900582215.1
SAMEA104471963	YES	GCF_900582265.1
SAMEA104471964	YES	GCF_900582255.1
SAMEA104471965	YES	GCF_900582445.1
SAMEA104471966	YES	GCF_900582285.1
SAMEA104471967	YES	GCF_900582275.1
SAMEA104471968	YES	GCF_900582295.1
SAMEA104471969	YES	GCF_900582305.1
SAMEA104471970	YES	GCF_900582315.1
SAMEA104471971	YES	GCF_900582335.1
SAMEA104471972	YES	GCF_900582355.1
SAMEA104471973	YES	GCF_900582345.1
SAMEA104471974	YES	GCF_900582385.1
SAMEA104471975	YES	GCF_900582365.1
SAMEA104471976	YES	GCF_900582375.1
SAMEA104471977	YES	GCF_900582405.1
SAMEA104471978	YES	GCF_900582415.1
SAMEA104471979	YES	GCF_900582435.1
SAMEA104471980	YES	GCF_900582425.1
SAMEA104471981	YES	GCF_900582465.1
SAMEA104471982	YES	GCF_900582485.1
SAMEA104471983	YES	GCF_900582475.1
SAMEA104471984	YES	GCF_900582455.1
SAMEA104471985	YES	GCF_900582495.1
SAMEA104471986	YES	GCF_900582505.1
SAMEA104471987	YES	GCF_900582515.1
SAMEA104471988	YES	GCF_900582545.1
SAMEA104471989	YES	GCF_900582555.1
SAMEA104471990	YES	GCF_900582565.1
SAMEA104471991	YES	GCF_900582525.1
SAMEA104471992	YES	GCF_900582535.1
SAMEA104471993	YES	GCF_900582585.1
SAMEA104471994	YES	GCF_900582615.1
SAMEA104471995	YES	GCF_900582595.1
SAMEA104471996	YES	GCF_900582635.1
SAMEA104471997	YES	GCF_900582575.1
SAMEA104471998	YES	GCF_900582625.1
SAMEA104471999	YES	GCF_900582605.1
SAMEA104472000	YES	GCF_900582705.1
SAMEA104472001	YES	GCF_900582675.1
SAMEA104472002	YES	GCF_900582655.1
SAMEA104472003	YES	GCF_900582665.1
SAMEA104472004	YES	GCF_900582645.1
SAMEA104472005	YES	GCF_900582685.1
SAMEA104472006	YES	GCF_900582695.1
SAMEA104472007	YES	GCF_900582735.1
SAMEA104472008	YES	GCF_900582785.1
SAMEA104472009	YES	GCF_900582715.1
SAMEA104472010	YES	GCF_900582775.1
SAMEA104472011	YES	GCF_900582725.1
SAMEA104472012	YES	GCF_900582765.1
SAMEA104472013	YES	GCF_900582755.1
SAMEA104472014	YES	GCF_900582745.1
SAMEA104472015	YES	GCF_900582825.1
SAMEA104472016	YES	GCF_900582815.1
SAMEA104472017	YES	GCF_900582845.1
SAMEA104472018	YES	GCF_900582805.1
SAMEA104472019	YES	GCF_900582855.1
SAMEA104472020	YES	GCF_900582835.1
SAMEA104472021	YES	GCF_900582795.1
SAMEA104472022	YES	GCF_900582895.1
SAMEA104472023	YES	GCF_900582905.1
SAMEA104472024	YES	GCF_900582915.1
SAMEA104472025	YES	GCF_900582935.1
SAMEA104472026	YES	GCF_900582865.1
SAMEA104472027	YES	GCF_900582925.1
SAMEA104472028	YES	GCF_900582885.1
SAMEA104472029	YES	GCF_900582875.1
SAMEA104472030	YES	GCF_900582985.1
SAMEA104472031	YES	GCF_900582955.1
SAMEA104472032	YES	GCF_900582965.1
SAMEA104472033	YES	GCF_900582945.1
SAMEA104472034	YES	GCF_900582975.1
SAMEA104472035	YES	GCF_900583055.1
SAMEA104472036	YES	GCF_900583035.1
SAMEA104472037	YES	GCF_900583045.1
SAMEA104472038	YES	GCF_900583005.1
SAMEA104472039	YES	GCF_900582995.1
SAMEA104472040	YES	GCF_900583015.1
SAMEA104472041	YES	GCF_900583025.1
SAMEA104472042	YES	GCF_900583075.1
SAMEA104472043	YES	GCF_900583095.1
SAMEA104472044	YES	GCF_900583085.1
SAMEA104472045	YES	GCF_900583065.1
SAMEA104472046	YES	GCF_900583115.1
SAMEA104472047	YES	GCF_900583125.1
SAMEA104472048	YES	GCF_900583145.1
SAMEA104472049	YES	GCF_900583105.1
SAMEA104472050	YES	GCF_900583135.1
SAMEA104472051	YES	GCF_900583205.1
SAMEA104472052	YES	GCF_900583195.1
SAMEA104472053	YES	GCF_900583175.1
SAMEA104472054	YES	GCF_900583155.1
SAMEA104472055	YES	GCF_900583165.1
SAMEA104472056	YES	GCF_900583185.1
SAMEA104472057	YES	GCF_900583215.1
SAMEA104472058	YES	GCF_900583245.1
SAMEA104472059	YES	GCF_900583275.1
SAMEA104472060	YES	GCF_900583225.1
SAMEA104472061	YES	GCF_900583265.1
SAMEA104472062	YES	GCF_900583235.1
SAMEA104472063	YES	GCF_900583255.1
SAMEA104472064	YES	GCF_900583285.1
SAMEA104472065	YES	GCF_900583325.1
SAMEA104472066	YES	GCF_900583295.1
SAMEA104472067	YES	GCF_900583315.1
SAMEA104472068	YES	GCF_900583305.1
SAMEA104472069	YES	GCF_900583355.1
SAMEA104472070	YES	GCF_900583385.1
SAMEA104472071	YES	GCF_900583415.1
SAMEA104472072	YES	GCF_900583345.1
SAMEA104472073	YES	GCF_900583395.1
SAMEA104472074	YES	GCF_900583405.1
SAMEA104472075	YES	GCF_900583375.1
SAMEA104472076	YES	GCF_900583335.1
SAMEA104472077	YES	GCF_900583365.1
SAMEA104472078	YES	GCF_900583445.1
SAMEA104472079	YES	GCF_900583465.1
SAMEA104472080	YES	GCF_900583425.1
SAMEA104472081	YES	GCF_900583495.1
SAMEA104472082	YES	GCF_900583455.1
SAMEA104472083	YES	GCF_900583435.1
SAMEA104472084	YES	GCF_900583475.1
SAMEA104472085	YES	GCF_900583485.1
SAMEA104472086	YES	GCF_900583525.1
SAMEA104472087	YES	GCF_900583565.1
SAMEA104472088	YES	GCF_900583515.1
SAMEA104472089	YES	GCF_900583555.1
SAMEA104472090	YES	GCF_900583545.1
SAMEA104472091	YES	GCF_900583535.1
SAMEA104472092	YES	GCF_900583505.1
SAMEA104472093	YES	GCF_900583625.1
SAMEA104472094	YES	GCF_900583575.1
SAMEA104472095	YES	GCF_900583635.1
SAMEA104472096	YES	GCF_900583605.1
SAMEA104472097	YES	GCF_900583585.1
SAMEA104472098	YES	GCF_900583595.1
SAMEA104472099	YES	GCF_900583615.1
SAMEA104472100	YES	GCF_900583685.1
SAMEA104472101	YES	GCF_900583695.1
SAMEA104472102	YES	GCF_900583675.1
SAMEA104472103	YES	GCF_900583655.1
SAMEA104472104	YES	GCF_900583665.1
SAMEA104472105	YES	GCF_900583645.1
SAMEA104472106	YES	GCF_900583755.1
SAMEA104472107	YES	GCA_900583765.1
SAMEA104472108	YES	GCF_900583715.1
SAMEA104472109	YES	GCF_900583785.1
SAMEA104472110	YES	GCF_900583705.1
SAMEA104472111	YES	GCF_900583735.1
SAMEA104472112	YES	GCF_900583775.1
SAMEA104472113	YES	GCF_900583745.1
SAMEA104472114	YES	GCF_900583725.1
SAMEA104472115	YES	GCF_900583825.1
SAMEA104472116	YES	GCF_900583795.1
SAMEA104472117	YES	GCF_900583835.1
SAMEA104472118	YES	GCF_900583815.1
SAMEA104472119	YES	GCF_900583805.1
SAMEA104472120	YES	GCF_900583905.1
SAMEA104472121	YES	GCF_900583845.1
SAMEA104472122	YES	GCF_900583875.1
SAMEA104472123	YES	GCF_900583915.1
SAMEA104472124	YES	GCF_900583865.1
SAMEA104472125	YES	GCF_900583855.1
SAMEA104472126	YES	GCF_900583885.1
SAMEA104472127	YES	GCF_900583895.1
SAMEA104472128	YES	GCF_900584005.1
SAMEA104472129	YES	GCF_900583995.1
SAMEA104472130	YES	GCF_900583945.1
SAMEA104472131	YES	GCF_900583975.1
SAMEA104472132	YES	GCF_900583925.1
SAMEA104472133	YES	GCF_900583965.1
SAMEA104472134	YES	GCF_900583935.1
SAMEA104472135	YES	GCF_900583985.1
SAMEA104472136	YES	GCF_900583955.1
SAMEA104472137	YES	GCF_900584025.1
SAMEA104472138	YES	GCF_900584085.1
SAMEA104472139	YES	GCF_900584045.1
SAMEA104472140	YES	GCF_900584035.1
SAMEA104472141	YES	GCF_900584075.1
SAMEA104472142	YES	GCF_900584055.1
SAMEA104472143	YES	GCF_900584015.1
SAMEA104472144	YES	GCF_900584065.1
SAMEA104472145	YES	GCF_900584175.1
SAMEA104472146	YES	GCF_900584145.1
SAMEA104472147	YES	GCF_900584095.1
SAMEA104472148	YES	GCF_900584105.1
SAMEA104472149	YES	GCF_900584165.1
SAMEA104472150	YES	GCF_900584125.1
SAMEA104472151	YES	GCF_900584155.1
SAMEA104472152	YES	GCF_900584115.1
SAMEA104472153	YES	GCF_900584135.1
SAMEA104472154	YES	GCF_900584205.1
SAMEA104472155	YES	GCF_900584215.1
SAMEA104472156	YES	GCF_900584245.1
SAMEA104472157	YES	GCF_900584185.1
SAMEA104472158	YES	GCF_900584255.1
SAMEA104472159	YES	GCF_900584225.1
SAMEA104472160	YES	GCF_900584235.1
SAMEA104472161	YES	GCF_900584195.1
SAMEA104472162	YES	GCF_900584265.1
SAMEA104472163	YES	GCF_900584305.1
SAMEA104472164	YES	GCF_900584285.1
SAMEA104472165	YES	GCF_900584325.1
SAMEA104472166	YES	GCF_900584275.1
SAMEA104472167	YES	GCF_900584315.1
SAMEA104472168	YES	GCF_900584295.1
SAMEA104472169	YES	GCF_900584355.1
SAMEA104472170	YES	GCF_900584345.1
SAMEA104472171	YES	GCF_900584365.1
SAMEA104472172	YES	GCF_900584335.1
SAMEA104472173	YES	GCF_900584405.1
SAMEA104472174	YES	GCF_900584375.1
SAMEA104472175	YES	GCF_900584385.1
SAMEA104472176	YES	GCF_900584415.1
SAMEA104472177	YES	GCF_900584395.1
SAMEA104472178	YES	GCF_900584465.1
SAMEA104472179	YES	GCF_900584455.1
SAMEA104472180	YES	GCF_900584435.1
SAMEA104472181	YES	GCF_900584445.1
SAMEA104472182	YES	GCF_900584425.1
SAMEA104472183	YES	GCF_900584675.1
SAMEA104472184	YES	GCF_900584525.1
SAMEA104472185	YES	GCF_900584495.1
SAMEA104472186	YES	GCF_900584475.1
SAMEA104472187	YES	GCF_900584505.1
SAMEA104472188	YES	GCF_900584485.1
SAMEA104472189	YES	GCF_900584515.1
SAMEA104472190	YES	GCF_900584555.1
SAMEA104472191	YES	GCF_900584575.1
SAMEA104472192	YES	GCF_900584565.1
SAMEA104472193	YES	GCF_900584545.1
SAMEA104472194	YES	GCF_900584585.1
SAMEA104472195	YES	GCF_900584535.1
SAMEA104472196	YES	GCF_900584615.1
SAMEA104472197	YES	GCF_900584605.1
SAMEA104472198	YES	GCF_900584625.1
SAMEA104472199	YES	GCF_900584595.1
SAMEA104472200	YES	GCF_900584645.1
SAMEA104472201	YES	GCF_900584635.1
SAMEA104472202	YES	GCF_900584685.1
SAMEA104472203	YES	GCF_900584665.1
SAMEA104472204	YES	GCF_900584655.1
SAMEA104472205	YES	GCF_900584715.1
SAMEA104472206	YES	GCF_900584695.1
SAMEA104472207	YES	GCF_900584725.1
SAMEA104472208	YES	GCF_900584705.1
SAMEA104472209	YES	GCF_900584785.1
SAMEA104472210	YES	GCF_900584765.1
SAMEA104472211	YES	GCF_900584755.1
SAMEA104472212	YES	GCF_900584735.1
SAMEA104472213	YES	GCF_900584745.1
SAMEA104472214	YES	GCF_900584775.1
SAMEA104472215	YES	GCF_900584815.1
SAMEA104472216	YES	GCF_900584795.1
SAMEA104472217	YES	GCF_900584855.1
SAMEA104472218	YES	GCF_900584835.1
SAMEA104472219	YES	GCF_900584805.1
SAMEA104472220	YES	GCF_900584825.1
SAMEA104472221	YES	GCF_900584845.1
SAMEA104472222	YES	GCF_900584875.1
SAMEA104472223	YES	GCF_900584905.1
SAMEA104472224	YES	GCF_900584865.1
SAMEA104472225	YES	GCF_900584895.1
SAMEA104472226	YES	GCF_900584915.1
SAMEA104472227	YES	GCF_900584925.1
SAMEA104472228	YES	GCF_900584885.1
SAMEA104472229	YES	GCF_900585005.1
SAMEA104472230	YES	GCF_900584975.1
SAMEA104472231	YES	GCF_900584935.1
SAMEA104472232	YES	GCF_900584955.1
SAMEA104472233	YES	GCF_900584945.1
SAMEA104472234	YES	GCF_900584965.1
SAMEA104472235	YES	GCF_900584985.1
SAMEA104472236	YES	GCF_900584995.1
SAMEA104472237	YES	GCF_900585035.1
SAMEA104472238	YES	GCF_900585015.1
SAMEA104472239	YES	GCF_900585055.1
SAMEA104472240	YES	GCF_900585025.1
SAMEA104472241	YES	GCF_900585045.1
SAMEA104472242	YES	GCF_900585105.1
SAMEA104472243	YES	GCF_900585075.1
SAMEA104472244	YES	GCF_900585085.1
SAMEA104472245	YES	GCF_900585125.1
SAMEA104472246	YES	GCF_900585065.1
SAMEA104472247	YES	GCF_900585095.1
SAMEA104472248	YES	GCF_900585115.1
SAMEA104472249	YES	GCF_900585165.1
SAMEA104472250	YES	GCF_900585155.1
SAMEA104472251	YES	GCF_900585135.1
SAMEA104472252	YES	GCF_900585145.1
SAMEA104472253	YES	GCF_900585225.1
SAMEA104472254	YES	GCF_900585205.1
SAMEA104472255	YES	GCF_900585215.1
SAMEA104472256	YES	GCF_900585235.1
SAMEA104472257	YES	GCF_900585175.1
SAMEA104472258	YES	GCF_900585185.1
SAMEA104472259	YES	GCF_900585195.1
SAMEA104472260	YES	GCF_900585265.1
SAMEA104472261	YES	GCF_900585305.1
SAMEA104472262	YES	GCF_900585285.1
SAMEA104472263	YES	GCF_900585295.1
SAMEA104472264	YES	GCF_900585255.1
SAMEA104472265	YES	GCF_900585245.1
SAMEA104472266	YES	GCF_900585275.1
SAMEA104472267	YES	GCF_900585335.1
SAMEA104472268	YES	GCF_900585355.1
SAMEA104472269	YES	GCF_900585375.1
SAMEA104472270	YES	GCF_900585345.1
SAMEA104472271	YES	GCF_900585325.1
SAMEA104472272	YES	GCF_900585315.1
SAMEA104472273	YES	GCF_900585365.1
SAMEA104472274	YES	GCF_900585445.1
SAMEA104472275	YES	GCF_900585415.1
SAMEA104472276	YES	GCA_900585435.1
SAMEA104472277	YES	GCF_900585425.1
SAMEA104472278	YES	GCF_900585395.1
SAMEA104472279	YES	GCA_900585405.1
SAMEA104472280	YES	GCA_900585385.1
SAMEA104472281	YES	GCA_900585465.1
SAMEA104472282	YES	GCF_900585455.1
SAMEA104472283	YES	GCF_900585475.1
SAMEA104472284	YES	GCF_900585535.1
SAMEA104472285	YES	GCF_900585525.1
SAMEA104472286	YES	GCF_900585485.1
SAMEA104472287	YES	GCF_900585495.1
SAMEA104472288	YES	GCF_900585505.1
SAMEA104472289	YES	GCF_900585515.1
SAMEA104472290	YES	GCF_900585575.1
SAMEA104472291	YES	GCF_900585565.1
SAMEA104472292	YES	GCF_900585545.1
SAMEA104472293	YES	GCF_900585595.1
SAMEA104472294	YES	GCF_900585585.1
SAMEA104472295	YES	GCF_900585555.1
SAMEA104472296	YES	GCF_900585665.1
SAMEA104472297	YES	GCF_900585615.1
SAMEA104472298	YES	GCF_900585635.1
SAMEA104472299	YES	GCF_900585605.1
SAMEA104472300	YES	GCF_900585625.1
SAMEA104472301	YES	GCF_900585645.1
SAMEA104472302	YES	GCF_900585655.1
SAMEA104472303	YES	GCF_900585695.1
SAMEA104472304	YES	GCF_900585715.1
SAMEA104472305	YES	GCF_900585735.1
SAMEA104472306	YES	GCF_900585675.1
SAMEA104472307	YES	GCF_900585725.1
SAMEA104472308	YES	GCF_900585685.1
SAMEA104472309	YES	GCF_900585705.1
SAMEA104472310	YES	GCF_900585745.1
SAMEA104472311	YES	GCF_900585765.1
SAMEA104472312	YES	GCF_900585805.1
SAMEA104472313	YES	GCF_900585795.1
SAMEA104472314	YES	GCF_900585755.1
SAMEA104472315	YES	GCF_900585785.1
SAMEA104472316	YES	GCF_900585775.1
SAMEA104472317	YES	GCF_900585815.1
SAMEA104472318	YES	GCF_900585835.1
SAMEA104472319	YES	GCF_900585865.1
SAMEA104472320	YES	GCF_900585875.1
SAMEA104472321	YES	GCF_900585845.1
SAMEA104472322	YES	GCF_900585855.1
SAMEA104472323	YES	GCF_900585825.1
SAMEA104472324	YES	GCF_900585945.1
SAMEA104472325	YES	GCF_900585925.1
SAMEA104472326	YES	GCF_900585895.1
SAMEA104472327	YES	GCF_900585915.1
SAMEA104472328	YES	GCF_900585905.1
SAMEA104472329	YES	GCF_900585935.1
SAMEA104472330	NO	
SAMEA104472331	YES	GCF_900585885.1
SAMEA104472332	YES	GCF_900585955.1
SAMEA104472333	YES	GCF_900586035.1
SAMEA104472334	YES	GCF_900586005.1
SAMEA104472335	YES	GCF_900585995.1
SAMEA104472336	YES	GCF_900585965.1
SAMEA104472337	YES	GCF_900585985.1
SAMEA104472338	YES	GCA_900586025.1
SAMEA104472339	YES	GCF_900586015.1
SAMEA104472340	YES	GCF_900585975.1
SAMEA104472341	YES	GCF_900586055.1
SAMEA104472342	YES	GCF_900586075.1
SAMEA104472343	YES	GCF_900586065.1
SAMEA104472344	YES	GCF_900586085.1
SAMEA104472345	YES	GCF_900586045.1
SAMEA104472346	YES	GCF_900586095.1
SAMEA104472347	YES	GCF_900586185.1
SAMEA104472348	YES	GCF_900586195.1
SAMEA104472349	YES	GCF_900586155.1
SAMEA104472350	YES	GCF_900586115.1
SAMEA104472351	YES	GCF_900586125.1
SAMEA104472352	YES	GCF_900586175.1
SAMEA104472353	YES	GCF_900586105.1
SAMEA104472354	YES	GCF_900586145.1
SAMEA104472355	YES	GCF_900586135.1
SAMEA104472356	YES	GCF_900586165.1
SAMEA104472357	YES	GCF_900586205.1
SAMEA104472358	YES	GCF_900586235.1
SAMEA104472359	YES	GCF_900586215.1
SAMEA104472360	YES	GCF_900586225.1
SAMEA104472361	YES	GCF_900586265.1
SAMEA104472362	YES	GCF_900586245.1
SAMEA104472363	YES	GCF_900586255.1
SAMEA104472364	YES	GCF_900586275.1
SAMEA104472365	YES	GCF_900586285.1
SAMEA104472366	YES	GCF_900586295.1
SAMEA104472367	YES	GCF_900576715.1
SAMEA104472368	YES	GCF_900586305.1
SAMEA104472369	YES	GCF_900586345.1
SAMEA104472370	YES	GCF_900586365.1
SAMEA104472371	YES	GCF_900586355.1
SAMEA104472372	YES	GCF_900586385.1
SAMEA104472373	YES	GCF_900586315.1
SAMEA104472374	YES	GCF_900586375.1
SAMEA104472375	YES	GCF_900586335.1
SAMEA104472376	YES	GCF_900586325.1
SAMEA104472377	YES	GCF_900586395.1
SAMEA104472378	YES	GCF_900586415.1
SAMEA104472379	YES	GCF_900586455.1
SAMEA104472380	YES	GCF_900586435.1
SAMEA104472381	YES	GCF_900586475.1
SAMEA104472382	YES	GCF_900586445.1
SAMEA104472383	YES	GCF_900586465.1
SAMEA104472384	YES	GCF_900586485.1
SAMEA104472385	YES	GCF_900586405.1
SAMEA104472386	YES	GCF_900586425.1
SAMEA104472387	YES	GCF_900586495.1
SAMEA104472388	YES	GCF_900586505.1
SAMEA104472389	YES	GCF_900586535.1
SAMEA104472390	YES	GCF_900586555.1
SAMEA104472391	YES	GCF_900586525.1
SAMEA104472392	YES	GCF_900586575.1
SAMEA104472393	YES	GCF_900586545.1
SAMEA104472394	YES	GCF_900586515.1
SAMEA104472395	YES	GCF_900586565.1
SAMEA104472396	YES	GCF_900586585.1
SAMEA104472397	YES	GCF_900586595.1
SAMEA104472398	YES	GCF_900586845.1
SAMEA104472399	YES	GCF_900586605.1
SAMEA104472400	YES	GCF_900586645.1
SAMEA104472401	YES	GCF_900586615.1
SAMEA104472402	YES	GCF_900586665.1
SAMEA104472403	YES	GCF_900586655.1
SAMEA104472404	YES	GCF_900586635.1
SAMEA104472405	YES	GCF_900586625.1
SAMEA104472406	YES	GCF_900586685.1
SAMEA104472407	YES	GCF_900586675.1
SAMEA104472408	YES	GCF_900586695.1
SAMEA104472409	YES	GCF_900586715.1
SAMEA104472410	YES	GCF_900586705.1
SAMEA104472411	YES	GCF_900586735.1
SAMEA104472412	YES	GCF_900586725.1
SAMEA104472413	YES	GCF_900586905.1
SAMEA104472414	YES	GCF_900586755.1
SAMEA104472415	YES	GCF_900586765.1
SAMEA104472416	YES	GCF_900586745.1
SAMEA104472417	YES	GCF_900586775.1
SAMEA104472418	YES	GCF_900586785.1
SAMEA104472419	YES	GCF_900586805.1
SAMEA104472420	YES	GCF_900586795.1
SAMEA104472421	YES	GCF_900586815.1
SAMEA104472422	YES	GCF_900586835.1
SAMEA104472423	YES	GCF_900586825.1
SAMEA104472424	YES	GCF_900586885.1
SAMEA104472425	YES	GCF_900586875.1
SAMEA104472426	YES	GCF_900586895.1
SAMEA104472427	YES	GCF_900586865.1
SAMEA104472428	YES	GCF_900586855.1
SAMEA104472429	YES	GCF_900586915.1
SAMEA104472430	YES	GCF_900586925.1
SAMEA104472431	YES	GCF_900586935.1
SAMEA104472432	YES	GCF_900586945.1
SAMEA104472433	YES	GCF_900586965.1
SAMEA104472434	YES	GCF_900586955.1
SAMEA104472435	YES	GCF_900586975.1
SAMEA104472436	YES	GCF_900587005.1
SAMEA104472437	YES	GCF_900586995.1
SAMEA104472438	YES	GCF_900586985.1
SAMEA104472439	YES	GCF_900587015.1
SAMEA104472440	YES	GCF_900587065.1
SAMEA104472441	YES	GCF_900587045.1
SAMEA104472442	YES	GCF_900587025.1
SAMEA104472443	YES	GCF_900587035.1
SAMEA104472444	YES	GCF_900587055.1
SAMEA104472445	YES	GCF_900587105.1
SAMEA104472446	YES	GCF_900587115.1
SAMEA104472447	YES	GCF_900587075.1
SAMEA104472448	YES	GCF_900587085.1
SAMEA104472449	YES	GCF_900587125.1
SAMEA104472450	YES	GCF_900587095.1
SAMEA104472451	YES	GCF_900587135.1
SAMEA104472452	YES	GCF_900587145.1
SAMEA104472453	YES	GCF_900587155.1
SAMEA104472454	YES	GCF_900587165.1
SAMEA104472455	YES	GCF_900587175.1
SAMEA104472456	YES	GCF_900587185.1
SAMEA104472457	YES	GCF_900587195.1
SAMEA104472458	YES	GCF_900587255.1
SAMEA104472459	YES	GCF_900587235.1
SAMEA104472460	YES	GCF_900587245.1
SAMEA104472461	YES	GCF_900587205.1
SAMEA104472462	YES	GCF_900587215.1
SAMEA104472463	YES	GCF_900587225.1
SAMEA104472464	YES	GCF_900587265.1
SAMEA104472465	YES	GCF_900587275.1
SAMEA104472466	YES	GCF_900587305.1
SAMEA104472467	YES	GCF_900587285.1
SAMEA104472468	YES	GCF_900587315.1
SAMEA104472469	YES	GCF_900587295.1
SAMEA104472470	YES	GCF_900587325.1
SAMEA104472471	YES	GCF_900587335.1
SAMEA104472472	YES	GCF_900587345.1
SAMEA104472473	YES	GCF_900587355.1
SAMEA104472474	YES	GCF_900587375.1
SAMEA104472475	YES	GCF_900587385.1
SAMEA104472476	YES	GCF_900587405.1
SAMEA104472477	YES	GCF_900587365.1
SAMEA104472478	YES	GCF_900587395.1
SAMEA104472479	YES	GCF_900587415.1
SAMEA104472480	YES	GCF_900587425.1
SAMEA104472481	YES	GCF_900587435.1
SAMEA104472482	YES	GCF_900587455.1
SAMEA104472483	YES	GCF_900587465.1
SAMEA104472484	YES	GCF_900587485.1
SAMEA104472485	YES	GCF_900587495.1
SAMEA104472486	YES	GCF_900587475.1
SAMEA104472487	YES	GCF_900587445.1
SAMEA104472488	YES	GCF_900587505.1
SAMEA104472489	YES	GCF_900587555.1
SAMEA104472490	YES	GCF_900587515.1
SAMEA104472491	YES	GCF_900587525.1
SAMEA104472492	YES	GCF_900587545.1
SAMEA104472493	YES	GCF_900587535.1
SAMEA104472494	YES	GCF_900587575.1
SAMEA104472495	YES	GCF_900587585.1
SAMEA104472496	YES	GCF_900587565.1
SAMEA104472497	YES	GCF_900587595.1
SAMEA104472498	YES	GCF_900587605.1
SAMEA104472499	YES	GCF_900587665.1
SAMEA104472500	YES	GCF_900587675.1
SAMEA104472501	YES	GCF_900587625.1
SAMEA104472502	YES	GCF_900587615.1
SAMEA104472503	YES	GCF_900587655.1
SAMEA104472504	YES	GCF_900587645.1
SAMEA104472505	YES	GCF_900587635.1
SAMEA104472506	YES	GCF_900587705.1
SAMEA104472507	YES	GCF_900587695.1
SAMEA104472508	YES	GCF_900587685.1
SAMEA104472509	YES	GCF_900587775.1
SAMEA104472510	YES	GCF_900587715.1
SAMEA104472511	YES	GCF_900587725.1
SAMEA104472512	YES	GCF_900587735.1
SAMEA104472513	YES	GCF_900587755.1
SAMEA104472514	YES	GCF_900587765.1
SAMEA104472515	YES	GCF_900587745.1
SAMEA104472516	YES	GCF_900587805.1
SAMEA104472517	YES	GCF_900587835.1
SAMEA104472518	YES	GCF_900587795.1
SAMEA104472519	YES	GCF_900587845.1
SAMEA104472520	YES	GCF_900587825.1
SAMEA104472521	YES	GCF_900587785.1
SAMEA104472522	YES	GCF_900587815.1
SAMEA104472523	YES	GCF_900587865.1
SAMEA104472524	YES	GCF_900587885.1
SAMEA104472525	YES	GCF_900587855.1
SAMEA104472526	YES	GCF_900587875.1
SAMEA104472527	YES	GCF_900587935.1
SAMEA104472528	YES	GCF_900587895.1
SAMEA104472529	YES	GCF_900587925.1
SAMEA104472530	YES	GCF_900587905.1
SAMEA104472531	YES	GCF_900587915.1
SAMEA104472532	YES	GCF_900587975.1
SAMEA104472533	YES	GCF_900587965.1
SAMEA104472534	YES	GCF_900587945.1
SAMEA104472535	YES	GCF_900587955.1
SAMEA104472536	YES	GCF_900588095.1
SAMEA104472537	YES	GCF_900588005.1
SAMEA104472538	YES	GCF_900587995.1
SAMEA104472539	YES	GCF_900587985.1
SAMEA104472540	YES	GCF_900588015.1
SAMEA104472541	YES	GCF_900588025.1
SAMEA104472542	YES	GCF_900588035.1
SAMEA104472543	YES	GCF_900588045.1
SAMEA104472544	YES	GCF_900588055.1
SAMEA104472545	YES	GCF_900588065.1
SAMEA104472546	YES	GCF_900588075.1
SAMEA104472547	YES	GCF_900588085.1
SAMEA104472548	YES	GCF_900588115.1
SAMEA104472549	YES	GCF_900588125.1
SAMEA104472550	YES	GCF_900588155.1
SAMEA104472551	YES	GCF_900588145.1
SAMEA104472552	YES	GCF_900588105.1
SAMEA104472553	YES	GCF_900588135.1
SAMEA104472554	YES	GCF_900588165.1
SAMEA104472555	YES	GCF_900588175.1
SAMEA104472556	YES	GCF_900588205.1
SAMEA104472557	YES	GCF_900588245.1
SAMEA104472558	YES	GCF_900588235.1
SAMEA104472559	YES	GCF_900588195.1
SAMEA104472560	YES	GCF_900588185.1
SAMEA104472561	YES	GCF_900588225.1
SAMEA104472562	YES	GCF_900588215.1
SAMEA104472563	YES	GCF_900588255.1
SAMEA104472564	YES	GCF_900588265.1
SAMEA104472565	YES	GCF_900588285.1
SAMEA104472566	YES	GCF_900588275.1
SAMEA104472567	YES	GCF_900588345.1
SAMEA104472568	YES	GCF_900588325.1
SAMEA104472569	YES	GCF_900588305.1
SAMEA104472570	YES	GCF_900588335.1
SAMEA104472571	YES	GCF_900588295.1
SAMEA104472572	YES	GCF_900588315.1
SAMEA104472573	YES	GCF_900588355.1
SAMEA104472574	YES	GCF_900588365.1
SAMEA104472575	YES	GCF_900588435.1
SAMEA104472576	YES	GCF_900588395.1
SAMEA104472577	YES	GCF_900588375.1
SAMEA104472578	YES	GCF_900588385.1
SAMEA104472579	YES	GCF_900588405.1
SAMEA104472580	YES	GCF_900588415.1
SAMEA104472581	YES	GCF_900588425.1
SAMEA104472582	YES	GCF_900588445.1
SAMEA104472583	YES	GCF_900588475.1
SAMEA104472584	YES	GCF_900588485.1
SAMEA104472585	YES	GCF_900588455.1
SAMEA104472586	YES	GCF_900588465.1
SAMEA104472587	YES	GCF_900588545.1
SAMEA104472588	YES	GCF_900588505.1
SAMEA104472589	YES	GCF_900588515.1
SAMEA104472590	YES	GCF_900588525.1
SAMEA104472591	YES	GCA_900588535.1
SAMEA104472592	YES	GCA_900588495.1
SAMEA104472593	YES	GCF_900588555.1
SAMEA104472594	YES	GCF_900588595.1
SAMEA104472595	YES	GCF_900588575.1
SAMEA104472596	YES	GCF_900588615.1
SAMEA104472597	YES	GCF_900588565.1
SAMEA104472598	YES	GCF_900588585.1
SAMEA104472599	YES	GCF_900588605.1
SAMEA104472600	YES	GCF_900588625.1
SAMEA104472601	YES	GCF_900588635.1
SAMEA104472602	YES	GCF_900588645.1
SAMEA104472603	YES	GCF_900588655.1
SAMEA104472604	YES	GCF_900588685.1
SAMEA104472605	YES	GCF_900588675.1
SAMEA104472606	YES	GCF_900588665.1
SAMEA104472607	YES	GCF_900588695.1
SAMEA104472608	YES	GCF_900588715.1
SAMEA104472609	YES	GCF_900588705.1
SAMEA104472610	YES	GCF_900588775.1
SAMEA104472611	YES	GCF_900588725.1
SAMEA104472612	YES	GCF_900588765.1
SAMEA104472613	YES	GCF_900588735.1
SAMEA104472614	YES	GCF_900588755.1
SAMEA104472615	YES	GCF_900588795.1
SAMEA104472616	YES	GCF_900588815.1
SAMEA104472617	YES	GCF_900588785.1
SAMEA104472618	YES	GCF_900588745.1
SAMEA104472619	YES	GCF_900588805.1
SAMEA104472620	YES	GCF_900588835.1
SAMEA104472621	YES	GCF_900588825.1
SAMEA104472622	YES	GCF_900588855.1
SAMEA104472623	YES	GCF_900588865.1
SAMEA104472624	YES	GCF_900588895.1
SAMEA104472625	YES	GCF_900588845.1
SAMEA104472626	YES	GCF_900588885.1
SAMEA104472627	YES	GCF_900588875.1
SAMEA104472628	YES	GCF_900588905.1
SAMEA104472629	YES	GCF_900588915.1
SAMEA104472630	YES	GCF_900588925.1
SAMEA104472631	YES	GCF_900588945.1
SAMEA104472632	YES	GCF_900588935.1
SAMEA104472633	YES	GCF_900588965.1
SAMEA104472634	YES	GCF_900588955.1
SAMEA104472635	YES	GCF_900588975.1
SAMEA104472636	YES	GCF_900588985.1
SAMEA104472637	YES	GCF_900589015.1
SAMEA104472638	YES	GCF_900589005.1
SAMEA104472639	YES	GCF_900588995.1
SAMEA104472640	YES	GCF_900589035.1
SAMEA104472641	YES	GCF_900589095.1
SAMEA104472642	YES	GCF_900589045.1
SAMEA104472643	YES	GCF_900589065.1
SAMEA104472644	YES	GCF_900589055.1
SAMEA104472645	YES	GCF_900589075.1
SAMEA104472646	YES	GCF_900589115.1
SAMEA104472647	YES	GCF_900589085.1
SAMEA104472648	YES	GCF_900589105.1
SAMEA104472649	YES	GCF_900589025.1
SAMEA104472650	YES	GCF_900589155.1
SAMEA104472651	YES	GCF_900589185.1
SAMEA104472652	YES	GCF_900589135.1
SAMEA104472653	YES	GCF_900589125.1
SAMEA104472654	YES	GCF_900589165.1
SAMEA104472655	YES	GCF_900589205.1
SAMEA104472656	YES	GCF_900589145.1
SAMEA104472657	YES	GCF_900589195.1
SAMEA104472658	YES	GCF_900589175.1
SAMEA104472659	YES	GCF_900589245.1
SAMEA104472660	YES	GCF_900589235.1
SAMEA104472661	YES	GCF_900589225.1
SAMEA104472662	YES	GCF_900589275.1
SAMEA104472663	YES	GCF_900589295.1
SAMEA104472664	YES	GCF_900589255.1
SAMEA104472665	YES	GCF_900589265.1
SAMEA104472666	YES	GCF_900589215.1
SAMEA104472667	YES	GCF_900589285.1
SAMEA104472668	YES	GCF_900589325.1
SAMEA104472669	YES	GCF_900589305.1
SAMEA104472670	YES	GCF_900589315.1
SAMEA104472671	YES	GCF_900589335.1
SAMEA104472672	YES	GCF_900589395.1
SAMEA104472673	YES	GCF_900589385.1
SAMEA104472674	YES	GCF_900589405.1
SAMEA104472675	YES	GCF_900589365.1
SAMEA104472676	YES	GCF_900589375.1
SAMEA104472677	YES	GCF_900589345.1
SAMEA104472678	YES	GCF_900589355.1
SAMEA104472679	YES	GCF_900589415.1
SAMEA104472680	YES	GCF_900589425.1
SAMEA104472681	YES	GCF_900589455.1
SAMEA104472682	YES	GCF_900589465.1
SAMEA104472683	YES	GCF_900589445.1
SAMEA104472684	YES	GCF_900589435.1
SAMEA104472685	YES	GCF_900589475.1
SAMEA104472686	YES	GCF_900589485.1
SAMEA104472687	YES	GCF_900589535.1
SAMEA104472688	YES	GCF_900589525.1
SAMEA104472689	YES	GCF_900589505.1
SAMEA104472690	YES	GCF_900589495.1
SAMEA104472691	YES	GCF_900589515.1
SAMEA104472692	YES	GCF_900589585.1
SAMEA104472693	YES	GCF_900589565.1
SAMEA104472694	YES	GCF_900589555.1
SAMEA104472695	YES	GCF_900589545.1
SAMEA104472696	YES	GCF_900589575.1
SAMEA104472697	YES	GCF_900589605.1
SAMEA104472698	YES	GCF_900589595.1
SAMEA104472699	YES	GCF_900589615.1
SAMEA104472700	YES	GCF_900589625.1
SAMEA104472701	YES	GCF_900589635.1
SAMEA104472702	YES	GCF_900589645.1
SAMEA104472703	YES	GCF_900589655.1
SAMEA104472704	YES	GCF_900589665.1
SAMEA104472705	YES	GCF_900589725.1
SAMEA104472706	YES	GCF_900589675.1
SAMEA104472707	YES	GCF_900589735.1
SAMEA104472708	YES	GCF_900589695.1
SAMEA104472709	YES	GCF_900589685.1
SAMEA104472710	YES	GCF_900589705.1
SAMEA104472711	YES	GCF_900589715.1
SAMEA104472712	YES	GCF_900589775.1
SAMEA104472713	YES	GCF_900589745.1
SAMEA104472714	YES	GCF_900589765.1
SAMEA104472715	YES	GCF_900589755.1
SAMEA104472716	YES	GCF_900589795.1
SAMEA104472717	YES	GCF_900589785.1
SAMEA104472718	YES	GCF_900589805.1
SAMEA104472719	YES	GCF_900589825.1
SAMEA104472720	YES	GCF_900589815.1
SAMEA104472721	YES	GCF_900589845.1
SAMEA104472722	YES	GCF_900589835.1
SAMEA104472723	YES	GCF_900589855.1
SAMEA104472724	YES	GCF_900589865.1
SAMEA104472725	YES	GCF_900589875.1
SAMEA104472726	YES	GCF_900589885.1
SAMEA104472727	YES	GCF_900589945.1
SAMEA104472728	YES	GCF_900589915.1
SAMEA104472729	YES	GCF_900589895.1
SAMEA104472730	YES	GCF_900589935.1
SAMEA104472731	YES	GCF_900589905.1
SAMEA104472732	YES	GCF_900589925.1
SAMEA104472733	YES	GCF_900589955.1
SAMEA104472734	YES	GCF_900589965.1
SAMEA104472735	YES	GCF_900589975.1
SAMEA104472736	YES	GCF_900590055.1
SAMEA104472737	YES	GCF_900589985.1
SAMEA104472738	YES	GCF_900590005.1
SAMEA104472739	YES	GCF_900590015.1
SAMEA104472740	YES	GCF_900589995.1
SAMEA104472741	YES	GCF_900590035.1
SAMEA104472742	YES	GCF_900590025.1
SAMEA104472743	YES	GCF_900590045.1
SAMEA104472744	YES	GCF_900590095.1
SAMEA104472745	YES	GCF_900590085.1
SAMEA104472746	YES	GCF_900590075.1
SAMEA104472747	YES	GCF_900590065.1
SAMEA104472748	YES	GCF_900590145.1
SAMEA104472749	YES	GCF_900590155.1
SAMEA104472750	YES	GCF_900590135.1
SAMEA104472751	YES	GCF_900590165.1
SAMEA104472752	YES	GCF_900590175.1
SAMEA104472753	YES	GCF_900590105.1
SAMEA104472754	YES	GCF_900590125.1
SAMEA104472755	YES	GCF_900590185.1
SAMEA104472756	YES	GCF_900590115.1
SAMEA104472757	YES	GCF_900590225.1
SAMEA104472758	YES	GCF_900590245.1
SAMEA104472759	YES	GCF_900590195.1
SAMEA104472760	YES	GCF_900590205.1
SAMEA104472761	YES	GCF_900590235.1
SAMEA104472762	YES	GCF_900590215.1
SAMEA104472763	YES	GCF_900590275.1
SAMEA104472764	YES	GCF_900590255.1
SAMEA104472765	YES	GCF_900590265.1
SAMEA104472766	YES	GCF_900590325.1
SAMEA104472767	YES	GCF_900590305.1
SAMEA104472768	YES	GCF_900590295.1
SAMEA104472769	YES	GCF_900590335.1
SAMEA104472770	YES	GCF_900590455.1
SAMEA104472771	YES	GCF_900590315.1
SAMEA104472772	YES	GCF_900590345.1
SAMEA104472773	YES	GCF_900590285.1
SAMEA104472774	YES	GCF_900590385.1
SAMEA104472775	YES	GCF_900590365.1
SAMEA104472776	YES	GCF_900590355.1
SAMEA104472777	YES	GCF_900590395.1
SAMEA104472778	YES	GCF_900590415.1
SAMEA104472779	YES	GCF_900590375.1
SAMEA104472780	YES	GCF_900590405.1
SAMEA104472781	YES	GCF_900590425.1
SAMEA104472782	YES	GCF_900590445.1
SAMEA104472783	YES	GCF_900590465.1
SAMEA104472784	YES	GCF_900590495.1
SAMEA104472785	YES	GCF_900590485.1
SAMEA104472786	YES	GCF_900590475.1
SAMEA104472787	YES	GCF_900590435.1
SAMEA104472788	YES	GCF_900590565.1
SAMEA104472789	YES	GCF_900590535.1
SAMEA104472790	YES	GCF_900590515.1
SAMEA104472791	YES	GCF_900590525.1
SAMEA104472792	YES	GCF_900590595.1
SAMEA104472793	YES	GCF_900590585.1
SAMEA104472794	YES	GCF_900590505.1
SAMEA104472795	YES	GCF_900590545.1
SAMEA104472796	YES	GCF_900590575.1
SAMEA104472797	YES	GCF_900590555.1
SAMEA104472798	YES	GCF_900590615.1
SAMEA104472799	YES	GCF_900590685.1
SAMEA104472800	YES	GCF_900590605.1
SAMEA104472801	YES	GCF_900590665.1
SAMEA104472802	YES	GCF_900590625.1
SAMEA104472803	YES	GCF_900590655.1
SAMEA104472804	YES	GCF_900590675.1
SAMEA104472805	YES	GCF_900590635.1
SAMEA104472806	YES	GCF_900590645.1
SAMEA104472807	YES	GCF_900590695.1
SAMEA104472808	YES	GCF_900590725.1
SAMEA104472809	YES	GCF_900590745.1
SAMEA104472810	YES	GCF_900590735.1
SAMEA104472811	YES	GCF_900590715.1
SAMEA104472812	YES	GCF_900590765.1
SAMEA104472813	YES	GCF_900590775.1
SAMEA104472814	YES	GCF_900590705.1
SAMEA104472815	YES	GCF_900590755.1
SAMEA104472816	YES	GCF_900590795.1
SAMEA104472817	YES	GCF_900590865.1
SAMEA104472818	YES	GCF_900590825.1
SAMEA104472819	YES	GCF_900590845.1
SAMEA104472820	YES	GCF_900590855.1
SAMEA104472821	YES	GCF_900590785.1
SAMEA104472822	YES	GCF_900590815.1
SAMEA104472823	YES	GCF_900590835.1
SAMEA104472824	YES	GCF_900590805.1
SAMEA104472825	YES	GCF_900590905.1
SAMEA104472826	YES	GCF_900590935.1
SAMEA104472827	YES	GCF_900590895.1
SAMEA104472828	YES	GCF_900590925.1
SAMEA104472829	YES	GCF_900590875.1
SAMEA104472830	YES	GCF_900590945.1
SAMEA104472831	YES	GCF_900590885.1
SAMEA104472832	YES	GCF_900590915.1
SAMEA104472833	YES	GCF_900591005.1
SAMEA104472834	YES	GCF_900591015.1
SAMEA104472835	YES	GCF_900590965.1
SAMEA104472836	YES	GCF_900590975.1
SAMEA104472837	YES	GCF_900590985.1
SAMEA104472838	YES	GCF_900590955.1
SAMEA104472839	YES	GCF_900591025.1
SAMEA104472840	YES	GCF_900590995.1
SAMEA104472841	YES	GCF_900591035.1
SAMEA104472842	YES	GCF_900591055.1
SAMEA104472843	YES	GCF_900591045.1
SAMEA104472844	YES	GCF_900591105.1
SAMEA104472845	YES	GCF_900591065.1
SAMEA104472846	YES	GCF_900591085.1
SAMEA104472847	YES	GCF_900591075.1
SAMEA104472848	YES	GCF_900591095.1
SAMEA104472849	YES	GCF_900591115.1
SAMEA104472850	YES	GCF_900591175.1
SAMEA104472851	YES	GCF_900591145.1
SAMEA104472852	YES	GCF_900591135.1
SAMEA104472853	YES	GCF_900591155.1
SAMEA104472854	YES	GCF_900591125.1
SAMEA104472855	YES	GCF_900591165.1
SAMEA104472856	YES	GCF_900591185.1
SAMEA104472857	YES	GCF_900591215.1
SAMEA104472858	YES	GCF_900591195.1
SAMEA104472859	YES	GCF_900591205.1
SAMEA104472860	YES	GCF_900592595.1
SAMEA104472861	YES	GCF_900596015.1
SAMEA104472862	YES	GCF_900598765.1
SAMEA104472863	YES	GCF_900598785.1
SAMEA104472864	YES	GCF_900598805.1
SAMEA104472865	YES	GCF_900598815.1
SAMEA104472866	YES	GCF_900598795.1
SAMEA104472867	YES	GCF_900598835.1
SAMEA104472868	YES	GCF_900598825.1
SAMEA104472869	YES	GCF_900598845.1
SAMEA104472870	YES	GCF_900598875.1
SAMEA104472871	YES	GCF_900598855.1
SAMEA104472872	YES	GCF_900598915.1
SAMEA104472873	YES	GCF_900598895.1
SAMEA104472874	YES	GCF_900598925.1
SAMEA104472875	YES	GCF_900598935.1
SAMEA104472876	YES	GCF_900598885.1
SAMEA104472877	YES	GCF_900598865.1
SAMEA104472878	YES	GCF_900598905.1
SAMEA104472879	YES	GCF_900598965.1
SAMEA104472880	YES	GCF_900599005.1
SAMEA104472881	YES	GCF_900599035.1
SAMEA104472882	YES	GCF_900598945.1
SAMEA104472883	YES	GCF_900598975.1
SAMEA104472884	YES	GCF_900598985.1
SAMEA104472885	YES	GCF_900598995.1
SAMEA104472886	YES	GCF_900598955.1
SAMEA104472887	YES	GCF_900599025.1
SAMEA104472888	YES	GCF_900599015.1
SAMEA104472889	YES	GCF_900599045.1
SAMEA104472890	YES	GCF_900599075.1
SAMEA104472891	YES	GCF_900599065.1
SAMEA104472892	YES	GCF_900599135.1
SAMEA104472893	YES	GCF_900599085.1
SAMEA104472894	YES	GCF_900599125.1
SAMEA104472895	YES	GCF_900599095.1
SAMEA104472896	YES	GCF_900599055.1
SAMEA104472897	YES	GCF_900599105.1
SAMEA104472898	YES	GCF_900599115.1
SAMEA104472899	YES	GCF_900599175.1
SAMEA104472900	YES	GCF_900599205.1
SAMEA104472901	YES	GCF_900599145.1
SAMEA104472902	YES	GCF_900599155.1
SAMEA104472903	YES	GCF_900599185.1
SAMEA104472904	YES	GCF_900599195.1
SAMEA104472905	YES	GCF_900599165.1
SAMEA104472906	YES	GCF_900599285.1
SAMEA104472907	YES	GCF_900599295.1
SAMEA104472908	YES	GCF_900599265.1
SAMEA104472909	YES	GCF_900599225.1
SAMEA104472910	YES	GCF_900599275.1
SAMEA104472911	YES	GCF_900599305.1
SAMEA104472912	YES	GCF_900599235.1
SAMEA104472913	YES	GCF_900599215.1
SAMEA104472914	YES	GCF_900599255.1
SAMEA104472915	YES	GCF_900599245.1
SAMEA104472916	YES	GCF_900599355.1
SAMEA104472917	YES	GCF_900599325.1
SAMEA104472918	YES	GCF_900599405.1
SAMEA104472919	YES	GCF_900599345.1
SAMEA104472920	YES	GCF_900599315.1
SAMEA104472921	YES	GCF_900599365.1
SAMEA104472922	YES	GCF_900599335.1
SAMEA104472923	YES	GCF_900582325.1
SAMEA104472924	YES	GCF_900599385.1
SAMEA104472925	YES	GCF_900599395.1
SAMEA104472926	YES	GCF_900599375.1
SAMEA104472927	YES	GCF_900599425.1
SAMEA104472928	YES	GCF_900599495.1
SAMEA104472929	YES	GCF_900599465.1
SAMEA104472930	YES	GCF_900599475.1
SAMEA104472931	YES	GCF_900599415.1
SAMEA104472932	YES	GCF_900599435.1
SAMEA104472933	YES	GCF_900599455.1
SAMEA104472934	YES	GCF_900599445.1
SAMEA104472935	YES	GCF_900599485.1
SAMEA104472936	YES	GCF_900599515.1
SAMEA104472937	YES	GCF_900599505.1
SAMEA104472938	YES	GCF_900599545.1
SAMEA104472939	YES	GCF_900599555.1
SAMEA104472940	YES	GCF_900599535.1
SAMEA104472941	YES	GCF_900599585.1
SAMEA104472942	YES	GCF_900599525.1
SAMEA104472943	YES	GCF_900599565.1
SAMEA104472944	YES	GCF_900599575.1
SAMEA104472945	YES	GCF_900599595.1
SAMEA104472946	YES	GCF_900599615.1
SAMEA104472947	YES	GCF_900599685.1
SAMEA104472948	YES	GCF_900599625.1
SAMEA104472949	YES	GCF_900599605.1
SAMEA104472950	YES	GCF_900599675.1
SAMEA104472951	YES	GCF_900599665.1
SAMEA104472952	YES	GCF_900599635.1
SAMEA104472953	YES	GCF_900599655.1
SAMEA104472954	YES	GCF_900599695.1
SAMEA104472955	YES	GCF_900599645.1
SAMEA104472956	YES	GCF_900599705.1
SAMEA104472957	YES	GCF_900599745.1
SAMEA104472958	YES	GCF_900599785.1
SAMEA104472959	YES	GCF_900599715.1
SAMEA104472960	YES	GCF_900599735.1
SAMEA104472961	YES	GCF_900599755.1
SAMEA104472962	YES	GCF_900599795.1
SAMEA104472963	YES	GCF_900599765.1
SAMEA104472964	YES	GCF_900599725.1
SAMEA104472965	YES	GCF_900599775.1
SAMEA104472966	YES	GCF_900599885.1
SAMEA104472967	YES	GCF_900599805.1
SAMEA104472968	YES	GCF_900599855.1
SAMEA104472969	YES	GCF_900599845.1
SAMEA104472970	YES	GCF_900599815.1
SAMEA104472971	YES	GCF_900599865.1
SAMEA104472972	YES	GCF_900599825.1
SAMEA104472973	YES	GCF_900599835.1
SAMEA104472974	YES	GCF_900599875.1
SAMEA104472975	YES	GCF_900599895.1
SAMEA104472976	YES	GCF_900599975.1
SAMEA104472977	YES	GCF_900599905.1
SAMEA104472978	YES	GCF_900599985.1
SAMEA104472979	YES	GCF_900599935.1
SAMEA104472980	YES	GCF_900599945.1
SAMEA104472981	YES	GCF_900599965.1
SAMEA104472982	YES	GCF_900599955.1
SAMEA104472983	YES	GCF_900599995.1
SAMEA104472984	YES	GCF_900599925.1
SAMEA104472985	YES	GCF_900599915.1
SAMEA104472986	YES	GCF_900600025.1
SAMEA104472987	YES	GCF_900600085.1
SAMEA104472988	YES	GCF_900600095.1
SAMEA104472989	YES	GCF_900600055.1
SAMEA104472990	YES	GCF_900600065.1
SAMEA104472991	YES	GCF_900600035.1
SAMEA104472992	YES	GCF_900600045.1
SAMEA104472993	YES	GCF_900600015.1
SAMEA104472994	YES	GCF_900600075.1
SAMEA104472995	YES	GCF_900600005.1
SAMEA104472996	YES	GCF_900600125.1
SAMEA104472997	YES	GCF_900600135.1
SAMEA104472998	YES	GCF_900600195.1
SAMEA104472999	YES	GCF_900600145.1
SAMEA104473000	YES	GCF_900600105.1
SAMEA104473001	YES	GCF_900600175.1
SAMEA104473002	YES	GCF_900600165.1
SAMEA104473003	YES	GCF_900600155.1
SAMEA104473004	YES	GCF_900600185.1
SAMEA104473005	YES	GCF_900600115.1
SAMEA104473006	YES	GCF_900600235.1
SAMEA104473007	YES	GCF_900600255.1
SAMEA104473008	YES	GCF_900600245.1
SAMEA104473009	YES	GCF_900600295.1
SAMEA104473010	YES	GCF_900600215.1
SAMEA104473011	YES	GCF_900600275.1
SAMEA104473012	YES	GCF_900600285.1
SAMEA104473013	YES	GCF_900600225.1
SAMEA104473014	YES	GCF_900600265.1
SAMEA104473015	YES	GCF_900600205.1
SAMEA104473016	YES	GCF_900600325.1
SAMEA104473017	YES	GCF_900600315.1
SAMEA104473018	YES	GCF_900600305.1
SAMEA104473019	YES	GCF_900600395.1
SAMEA104473020	YES	GCF_900600345.1
SAMEA104473021	YES	GCF_900600365.1
SAMEA104473022	YES	GCF_900600385.1
SAMEA104473023	YES	GCF_900600355.1
SAMEA104473024	YES	GCF_900600375.1
SAMEA104473025	YES	GCF_900600335.1
SAMEA104473026	YES	GCF_900600415.1
SAMEA104473027	YES	GCF_900600405.1
SAMEA104473028	YES	GCF_900600485.1
SAMEA104473029	YES	GCF_900600495.1
SAMEA104473030	YES	GCF_900600475.1
SAMEA104473031	YES	GCF_900600425.1
SAMEA104473032	YES	GCF_900600445.1
SAMEA104473033	YES	GCA_900600455.1
SAMEA104473034	YES	GCF_900600465.1
SAMEA104473035	YES	GCF_900600435.1
SAMEA104473036	YES	GCF_900600535.1
SAMEA104473037	YES	GCF_900600505.1
SAMEA104473038	YES	GCF_900600545.1
SAMEA104473039	YES	GCF_900600515.1
SAMEA104473040	YES	GCF_900600525.1
SAMEA104473041	YES	GCF_900600555.1
SAMEA104473042	YES	GCF_900600585.1
SAMEA104473043	YES	GCF_900600565.1
SAMEA104473044	YES	GCF_900600575.1
SAMEA104473045	YES	GCF_900600605.1
SAMEA104473046	YES	GCF_900600675.1
SAMEA104473047	YES	GCF_900600595.1
SAMEA104473048	YES	GCF_900600665.1
SAMEA104473049	YES	GCF_900600615.1
SAMEA104473050	YES	GCF_900600635.1
SAMEA104473051	YES	GCF_900600655.1
SAMEA104473052	YES	GCF_900600625.1
SAMEA104473053	YES	GCF_900600645.1
SAMEA104473054	YES	GCF_900600755.1
SAMEA104473055	YES	GCF_900600695.1
SAMEA104473056	YES	GCF_900600715.1
SAMEA104473057	YES	GCF_900600685.1
SAMEA104473058	YES	GCF_900600765.1
SAMEA104473059	YES	GCF_900600775.1
SAMEA104473060	YES	GCF_900600725.1
SAMEA104473061	YES	GCF_900600705.1
SAMEA104473062	YES	GCF_900600735.1
SAMEA104473063	YES	GCF_900600745.1
SAMEA104473064	YES	GCF_900600795.1
SAMEA104473065	YES	GCF_900600805.1
SAMEA104473066	YES	GCF_900600785.1
SAMEA104473067	YES	GCF_900600865.1
SAMEA104473068	YES	GCF_900600845.1
SAMEA104473069	YES	GCF_900600835.1
SAMEA104473070	YES	GCF_900600855.1
SAMEA104473071	YES	GCF_900600825.1
SAMEA104473072	YES	GCF_900600875.1
SAMEA104473073	YES	GCF_900600815.1
SAMEA104473074	YES	GCF_900600885.1
SAMEA104473075	YES	GCF_900600905.1
SAMEA104473076	YES	GCF_900600945.1
SAMEA104473077	YES	GCF_900600895.1
SAMEA104473078	YES	GCF_900600925.1
SAMEA104473079	YES	GCF_900600955.1
SAMEA104473080	YES	GCF_900600965.1
SAMEA104473081	YES	GCF_900600975.1
SAMEA104473082	YES	GCF_900600935.1
SAMEA104473083	YES	GCF_900600915.1
SAMEA104473084	YES	GCF_900600995.1
SAMEA104473085	YES	GCF_900601025.1
SAMEA104473086	YES	GCF_900601015.1
SAMEA104473087	YES	GCF_900601005.1
SAMEA104473088	YES	GCF_900601065.1
SAMEA104473089	YES	GCF_900601075.1
SAMEA104473090	YES	GCF_900601045.1
SAMEA104473091	YES	GCF_900601035.1
SAMEA104473092	YES	GCF_900600985.1
SAMEA104473093	YES	GCF_900601055.1
SAMEA104473094	YES	GCF_900601115.1
SAMEA104473095	YES	GCF_900601105.1
SAMEA104473096	YES	GCF_900601125.1
SAMEA104473097	YES	GCF_900601165.1
SAMEA104473098	YES	GCF_900601155.1
SAMEA104473099	YES	GCF_900601175.1
SAMEA104473100	YES	GCF_900601085.1
SAMEA104473101	YES	GCF_900601135.1
SAMEA104473102	YES	GCF_900601145.1
SAMEA104473103	YES	GCF_900601095.1
SAMEA104473104	YES	GCF_900601185.1
SAMEA104473105	YES	GCF_900601205.1
SAMEA104473106	YES	GCF_900601245.1
SAMEA104473107	YES	GCF_900601215.1
SAMEA104473108	YES	GCF_900601225.1
SAMEA104473109	YES	GCF_900601195.1
SAMEA104473110	YES	GCF_900601235.1
SAMEA104473111	YES	GCF_900601255.1
SAMEA104473112	YES	GCF_900601265.1
SAMEA104473113	YES	GCF_900601305.1
SAMEA104473114	YES	GCF_900601295.1
SAMEA104473115	YES	GCF_900601325.1
SAMEA104473116	YES	GCF_900601315.1
SAMEA104473117	YES	GCF_900601345.1
SAMEA104473118	YES	GCF_900601335.1
SAMEA104473119	YES	GCF_900601365.1
SAMEA104473120	YES	GCF_900601355.1
SAMEA104473121	YES	GCF_900601285.1
SAMEA104473122	YES	GCF_900601275.1
SAMEA104473123	YES	GCF_900601445.1
SAMEA104473124	YES	GCF_900601405.1
SAMEA104473125	YES	GCF_900601455.1
SAMEA104473126	YES	GCF_900601375.1
SAMEA104473127	YES	GCF_900601435.1
SAMEA104473128	YES	GCF_900601415.1
SAMEA104473129	YES	GCF_900601465.1
SAMEA104473130	YES	GCF_900601425.1
SAMEA104473131	YES	GCF_900601395.1
SAMEA104473132	YES	GCF_900601385.1
SAMEA104473133	YES	GCF_900601475.1
SAMEA104473134	YES	GCF_900601565.1
SAMEA104473135	YES	GCF_900601515.1
SAMEA104473136	YES	GCF_900601545.1
SAMEA104473137	YES	GCF_900601485.1
SAMEA104473138	YES	GCF_900601525.1
SAMEA104473139	YES	GCF_900601495.1
SAMEA104473140	YES	GCF_900601505.1
SAMEA104473141	YES	GCF_900601555.1
SAMEA104473142	YES	GCF_900601535.1
SAMEA104473143	YES	GCF_900601615.1
SAMEA104473144	YES	GCF_900601585.1
SAMEA104473145	YES	GCF_900601575.1
SAMEA104473146	YES	GCF_900601625.1
SAMEA104473147	YES	GCF_900601665.1
SAMEA104473148	YES	GCF_900601605.1
SAMEA104473149	YES	GCF_900601655.1
SAMEA104473150	YES	GCF_900601635.1
SAMEA104473151	YES	GCF_900601595.1
SAMEA104473152	YES	GCF_900601645.1
SAMEA104473153	YES	GCF_900601755.1
SAMEA104473154	YES	GCF_900601735.1
SAMEA104473155	YES	GCF_900601745.1
SAMEA104473156	YES	GCF_900601685.1
SAMEA104473157	YES	GCF_900601715.1
SAMEA104473158	YES	GCF_900601725.1
SAMEA104473159	YES	GCF_900601675.1
SAMEA104473160	YES	GCF_900601705.1
SAMEA104473161	YES	GCF_900601695.1
SAMEA104473162	YES	GCF_900601765.1
SAMEA104473163	YES	GCF_900601775.1
SAMEA104473164	YES	GCF_900601815.1
SAMEA104473165	YES	GCF_900601795.1
SAMEA104473166	YES	GCF_900601785.1
SAMEA104473167	YES	GCF_900601825.1
SAMEA104473168	YES	GCF_900601835.1
SAMEA104473169	YES	GCF_900601845.1
SAMEA104473170	YES	GCF_900601865.1
SAMEA104473171	YES	GCF_900601855.1
SAMEA104473172	YES	GCF_900601805.1
SAMEA104473173	YES	GCF_900601885.1
SAMEA104473174	YES	GCF_900601925.1
SAMEA104473175	YES	GCF_900601965.1
SAMEA104473176	YES	GCF_900601955.1
SAMEA104473177	YES	GCF_900601935.1
SAMEA104473178	YES	GCF_900601875.1
SAMEA104473179	YES	GCF_900601945.1
SAMEA104473180	YES	GCF_900601915.1
SAMEA104473181	YES	GCF_900601895.1
SAMEA104473182	YES	GCF_900601905.1
SAMEA104473183	YES	GCF_900602035.1
SAMEA104473184	YES	GCF_900601985.1
SAMEA104473185	YES	GCF_900601995.1
SAMEA104473186	YES	GCF_900601975.1
SAMEA104473187	YES	GCF_900602025.1
SAMEA104473188	YES	GCF_900602065.1
SAMEA104473189	YES	GCF_900602045.1
SAMEA104473190	YES	GCF_900602015.1
SAMEA104473191	YES	GCF_900602005.1
SAMEA104473192	YES	GCF_900602055.1
SAMEA104473193	YES	GCF_900602135.1
SAMEA104473194	YES	GCF_900602155.1
SAMEA104473195	YES	GCF_900602125.1
SAMEA104473196	YES	GCF_900602105.1
SAMEA104473197	YES	GCF_900602085.1
SAMEA104473198	YES	GCF_900602115.1
SAMEA104473199	YES	GCF_900602095.1
SAMEA104473200	YES	GCF_900602165.1
SAMEA104473201	YES	GCF_900602145.1
SAMEA104473202	YES	GCF_900602075.1
SAMEA104473203	YES	GCF_900602185.1
SAMEA104473204	YES	GCF_900602205.1
SAMEA104473205	YES	GCF_900602235.1
SAMEA104473206	YES	GCF_900602215.1
SAMEA104473207	YES	GCF_900602255.1
SAMEA104473208	YES	GCF_900602245.1
SAMEA104473209	YES	GCF_900602225.1
SAMEA104473210	YES	GCF_900602175.1
SAMEA104473211	YES	GCF_900602195.1
SAMEA104473212	YES	GCF_900602355.1
SAMEA104473213	YES	GCF_900602295.1
SAMEA104473214	YES	GCF_900602285.1
SAMEA104473215	YES	GCF_900602315.1
SAMEA104473216	YES	GCF_900602345.1
SAMEA104473217	YES	GCF_900602305.1
SAMEA104473218	YES	GCF_900602325.1
SAMEA104473219	YES	GCF_900602275.1
SAMEA104473220	YES	GCF_900602265.1
SAMEA104473221	YES	GCF_900602335.1
SAMEA104473222	YES	GCF_900602365.1
SAMEA104473223	YES	GCF_900602455.1
SAMEA104473224	YES	GCF_900602435.1
SAMEA104473225	YES	GCF_900602425.1
SAMEA104473226	YES	GCF_900602375.1
SAMEA104473227	YES	GCF_900602415.1
SAMEA104473228	YES	GCF_900602385.1
SAMEA104473229	YES	GCF_900602445.1
SAMEA104473230	YES	GCF_900602395.1
SAMEA104473231	YES	GCF_900602405.1
SAMEA104473232	YES	GCF_900602475.1
SAMEA104473233	YES	GCF_900602465.1
SAMEA104473234	YES	GCF_900602545.1
SAMEA104473235	YES	GCF_900602535.1
SAMEA104473236	YES	GCF_900602505.1
SAMEA104473237	YES	GCF_900602495.1
SAMEA104473238	YES	GCF_900602555.1
SAMEA104473239	YES	GCF_900602525.1
SAMEA104473240	YES	GCF_900602515.1
SAMEA104473241	YES	GCF_900602485.1
SAMEA104473242	YES	GCF_900602575.1
SAMEA104473243	YES	GCF_900602655.1
SAMEA104473244	YES	GCF_900602585.1
SAMEA104473245	YES	GCF_900602635.1
SAMEA104473246	YES	GCF_900602645.1
SAMEA104473247	YES	GCF_900602615.1
SAMEA104473248	YES	GCF_900602625.1
SAMEA104473249	YES	GCF_900602605.1
SAMEA104473250	YES	GCF_900602595.1
SAMEA104473251	YES	GCF_900602565.1
SAMEA104473252	YES	GCF_900602705.1
SAMEA104473253	YES	GCF_900602665.1
SAMEA104473254	YES	GCF_900602745.1
SAMEA104473255	YES	GCF_900602725.1
SAMEA104473256	YES	GCF_900602695.1
SAMEA104473257	YES	GCF_900602685.1
SAMEA104473258	YES	GCF_900602675.1
SAMEA104473259	YES	GCF_900602735.1
SAMEA104473260	YES	GCF_900602755.1
SAMEA104473261	YES	GCF_900602715.1
SAMEA104473262	YES	GCF_900602785.1
SAMEA104473263	YES	GCF_900602765.1
SAMEA104473264	YES	GCF_900602855.1
SAMEA104473265	YES	GCF_900602805.1
SAMEA104473266	YES	GCF_900602845.1
SAMEA104473267	YES	GCF_900602835.1
SAMEA104473268	YES	GCF_900602825.1
SAMEA104473269	YES	GCF_900602795.1
SAMEA104473270	YES	GCF_900602815.1
SAMEA104473271	YES	GCF_900602775.1
SAMEA104473272	YES	GCF_900602865.1
SAMEA104473273	YES	GCF_900602935.1
SAMEA104473274	YES	GCF_900602875.1
SAMEA104473275	YES	GCF_900602885.1
SAMEA104473276	YES	GCF_900602925.1
SAMEA104473277	YES	GCF_900602905.1
SAMEA104473278	YES	GCF_900602945.1
SAMEA104473279	YES	GCF_900602895.1
SAMEA104473280	YES	GCF_900602915.1
SAMEA104471764	YES	GCF_900576595.1
SAMEA104471765	YES	GCF_900576635.1
SAMEA104471766	YES	GCF_900576615.1
SAMEA104471767	YES	GCF_900576625.1
SAMEA104471768	YES	GCF_900576605.1
SAMEA104471769	YES	GCF_900576645.1
SAMEA104471770	YES	GCF_900576655.1
SAMEA104471771	YES	GCF_900576665.1
SAMEA104471772	YES	GCF_900573905.1
SAMEA104471773	YES	GCF_900576685.1
SAMEA104471774	YES	GCF_900576675.1
SAMEA104471775	YES	GCF_900580445.1
SAMEA104471776	YES	GCF_900576725.1
SAMEA104471777	YES	GCF_900580435.1
SAMEA104471778	YES	GCF_900580415.1
SAMEA104471779	YES	GCF_900580425.1
SAMEA104471780	YES	GCF_900580455.1
SAMEA104471781	YES	GCF_900580525.1
SAMEA104471782	YES	GCF_900580505.1
SAMEA104471783	YES	GCF_900580485.1
SAMEA104471784	YES	GCF_900580495.1
SAMEA104471785	NO	
SAMEA104471786	YES	GCF_900580475.1
SAMEA104471787	YES	GCF_900580515.1
SAMEA104471788	YES	GCF_900580465.1
SAMEA104471789	YES	GCF_900580535.1
SAMEA104471790	YES	GCF_900580545.1
SAMEA104471791	YES	GCF_900580555.1
SAMEA104471792	YES	GCF_900580605.1
SAMEA104473286	YES	GCF_900573885.1
SAMN10244985	YES	GCF_006439035.1
SAMEA104471763	YES	GCF_900576585.1
SAMEA104473281	YES	GCF_900602965.1
SAMEA104473282	YES	GCF_900602985.1
SAMEA104473283	YES	GCF_900602955.1
SAMEA104473284	YES	GCF_900602995.1
SAMEA104473285	YES	GCF_900602975.1
SAMN11022115	YES	GCF_025985525.1
SAMN11479352	NO	
SAMN11479360	NO	
SAMN13012101	YES	GCF_009765495.1
SAMN14085449	YES	GCF_013522975.1
SAMN14916290	NO	
SAMN16237943	YES	GCF_014839005.1
SAMN16238274	YES	GCF_014838925.1
SAMN16885796	YES	GCF_016308365.1
SAMN16885823	YES	GCF_016307775.1
SAMN16885829	YES	GCF_016307675.1
SAMN16885830	YES	GCF_016307685.1
SAMN16885836	YES	GCF_016307575.1
SAMN16885837	YES	GCF_016307515.1
SAMN16885838	YES	GCF_016307535.1
SAMN19069812	NO	
SAMN19070009	YES	GCF_018388545.1
SAMN19111265	YES	GCA_030544665.1
SAMN19813349	YES	GCF_019083885.1
SAMN19813350	YES	GCF_019104085.1
SAMN19813351	YES	GCF_019104005.1
SAMN19813352	YES	GCF_019104065.1
SAMN19813353	YES	GCF_019104025.1
SAMN19813354	YES	GCF_019104045.1
SAMN19813355	YES	GCF_019083835.1
SAMN20606429	NO	
SAMN26814321	YES	GCF_022698325.1
SAMN26870984	YES	GCF_022936465.1
SAMN27117403	YES	GCF_024584175.1
SAMN28171611	YES	GCF_023497985.1
SAMN30176337	NO	
SAMN30176338	NO	
SAMN30176349	NO	
SAMN30176354	NO	
SAMN30176355	NO	
SAMN30176356	NO	
SAMN31779958	NO	
SAMN37350782	YES	GCF_034808265.1
SAMN37350783	YES	GCF_034808185.1
SAMN38288737	YES	GCF_034045335.1
SAMN38288739	YES	GCF_034044855.1
SAMN38288745	YES	GCF_034044745.1
SAMN38338163	NO	
SAMN38338171	NO	
SAMN38338172	NO	
SAMN38338201	NO	
SAMD00707340	NO	
SAMN39642347	YES	GCF_036349965.1
SAMN39642348	YES	GCF_036350005.1
SAMN39642349	YES	GCF_036349485.1
SAMN39642350	YES	GCF_036349575.1
SAMN39642351	YES	GCF_036349835.1
SAMN39642352	YES	GCF_036349985.1
SAMN39642353	YES	GCF_036349535.1
SAMN39642354	YES	GCF_036349615.1
SAMN39642355	YES	GCF_036349445.1
SAMN39642356	YES	GCF_036349395.1
SAMN39642357	YES	GCF_036349265.1
SAMN39642358	YES	GCF_036349235.1
SAMN39642359	YES	GCF_036349435.1
SAMN39642360	YES	GCF_036349465.1
SAMN39642361	YES	GCF_036349475.1
SAMN39642362	YES	GCF_036349345.1
SAMN39642363	YES	GCF_036349335.1
SAMN39642364	YES	GCF_036349875.1
SAMN39642365	YES	GCF_036349815.1
SAMN39642366	YES	GCF_036349845.1
SAMN39642367	YES	GCF_036349765.1
SAMN39642368	YES	GCF_036349785.1
SAMN39642369	YES	GCF_036349755.1
SAMN39642370	YES	GCF_036349375.1
SAMN39642371	YES	GCF_036349255.1
SAMN39642372	YES	GCF_036349355.1
SAMN39642373	YES	GCF_036349315.1
SAMN39642374	YES	GCF_036349245.1
SAMN39642375	YES	GCF_036349935.1
SAMN39642376	YES	GCF_036349955.1
SAMN39642377	YES	GCF_036349895.1
SAMN39642378	YES	GCF_036349715.1
SAMN39642379	YES	GCF_036349915.1
SAMN39642380	YES	GCF_036349555.1
SAMEA115018953	YES	GCA_963900755.1
SAMEA115018954	YES	GCA_963900185.1
SAMN40354448	YES	GCF_040224095.2
SAMN41325027	YES	GCA_040510215.1
SAMN41325165	YES	GCA_040507455.1
SAMN41603517	NO	
SAMN41603521	NO	
SAMN41603522	NO	
SAMN41603523	NO	
SAMN41603524	NO	
SAMN41603526	NO	
SAMN41603527	NO	
SAMN41603543	NO	
SAMN41603582	NO	
SAMN41603583	NO	
SAMN41603584	NO	
SAMN41651209	YES	GCA_040214645.1
SAMN41992724	NO	
SAMN41992726	NO	
SAMN41992731	NO	
SAMN41992735	NO	
SAMN42046332	NO	
SAMN42992203	YES	GCF_053628875.1
SAMN43227134	YES	GCF_053558095.1
SAMN43227135	YES	GCF_053558055.1
SAMN43227136	YES	GCF_053558075.1
SAMN43227137	YES	GCF_053558035.1
SAMN43227138	YES	GCF_053558015.1
SAMN44626737	NO	
SAMN44673090	YES	GCF_045062265.1
SAMN44717182	YES	GCF_057529175.1
SAMN44717185	NO	
SAMN46543970	NO	
SAMN46543972	NO	
SAMN46543973	NO	
SAMN46543979	NO	
SAMN46543980	NO	
SAMN46543999	NO	
SAMN46544045	NO	
SAMN46544172	NO	
SAMN46544306	NO	
SAMN46544378	NO	
SAMN46544389	NO	
SAMN46544404	NO	
SAMN46544408	NO	
SAMN46544412	NO	
SAMN46544420	NO	
SAMN46544425	NO	
SAMN46544439	NO	
SAMN46544546	NO	
SAMN46544562	NO	
SAMN46544605	NO	
SAMN46544630	NO	
SAMN46544635	NO	
SAMN46544666	NO	
SAMN46544668	NO	
SAMN46544674	NO	
SAMN46544681	NO	
SAMN46544889	NO	
SAMN46926469	NO	
SAMN46926492	NO	
SAMN46926496	NO	
SAMN47346214	YES	GCF_048686745.1
SAMN48491535	YES	GCF_050496605.1
SAMN50631845	YES	GCF_053566015.1
SAMEA119563535	NO	
SAMEA119565233	NO	
SAMEA119601210	NO	
SAMEA119517930	NO	
SAMEA119600150	NO	
SAMEA119597397	NO	
SAMEA120080272	NO	
SAMEA120080273	NO	
SAMEA120080274	NO	
SAMEA120080275	NO	
SAMEA120080276	NO	
SAMEA120080281	NO	
SAMEA120080286	NO	
SAMEA120080290	NO	
SAMEA120080291	NO	
SAMEA120080310	NO	
SAMEA120080313	NO	
SAMEA120080317	NO	
SAMEA120080324	NO	
SAMEA120080327	NO	
SAMEA120080330	NO	
SAMEA120080332	NO	
SAMEA120080333	NO	
SAMEA120080526	NO	
SAMEA120080527	NO	
SAMEA120080529	NO	
SAMEA120080551	NO	
SAMEA120080553	NO	
SAMEA120080554	NO	
SAMEA120080561	NO	
SAMEA120080562	NO	
SAMEA120080564	NO	
SAMEA120080565	NO	
SAMEA120080568	NO	
SAMEA120080570	NO	
SAMEA120080571	NO	
SAMEA120080573	NO	
SAMEA120080574	NO	
SAMEA120080575	NO	
SAMEA120080581	NO	
SAMEA120080583	NO	
SAMEA120080585	NO	
SAMEA120080588	NO	
SAMEA120080590	NO	
SAMEA120080591	NO	
SAMEA120080592	NO	
SAMEA119025666	NO	
SAMEA119062688	NO	
SAMEA119066593	NO	
SAMEA119101040	NO	
SAMEA119279029	NO	
SAMEA119395871	NO	
SAMEA119400540	NO	
SAMEA119584555	NO	
SAMEA119573827	NO	
SAMEA119575102	NO	
SAMEA119572535	NO	
SAMEA119571596	NO	
SAMEA119563205	NO	
SAMEA119577180	NO	
SAMEA119586336	NO	
SAMEA119584139	NO	
SAMEA119565776	NO	
SAMEA119575949	NO	
SAMEA119563048	NO	
SAMEA119822193	NO	
SAMEA119830654	NO	
SAMN52846459	NO	
SAMN52846464	NO	
SAMN52846466	NO	
SAMN52846467	NO	
SAMN52846468	NO	
SAMN52846477	NO	
SAMN52846478	NO	
SAMN52846483	NO	
SAMN52846486	NO	
SAMN52846491	NO	
SAMN52846493	NO	
SAMN52846494	NO	
SAMN52846498	NO	
SAMN52846502	NO	
SAMN52846508	NO	
SAMN52846510	NO	
SAMN52846525	NO	
SAMN52846531	NO	
SAMN52846535	NO	
SAMN52846541	NO	
SAMN52846542	NO	
SAMN52846547	NO	
SAMN52846549	NO	
SAMN52846555	NO	
SAMN52846559	NO	
SAMN52846561	NO	
SAMN52846569	NO	
SAMN52846576	NO	
SAMN52846579	NO	
SAMN52846580	NO	
SAMN52846586	NO	
SAMN52846589	NO	
SAMN52846590	NO	
SAMN52846591	NO	
SAMN52846594	NO	
SAMN52846595	NO	
SAMN52846596	NO	
SAMN52846599	NO	
SAMN52846601	NO	
SAMN52846606	NO	
SAMN52846608	NO	
SAMN52846609	NO	
SAMN52846622	NO	
SAMN52846648	NO	
SAMN52846651	NO	
SAMN52846660	NO	
SAMN52846662	NO	
SAMN52846666	NO	
SAMN52846686	NO	
SAMN52846688	NO	
SAMN52846689	NO	
SAMN52846692	NO	
SAMN52846694	NO	
SAMN52846695	NO	
SAMN52846696	NO	
SAMN52846706	NO	
SAMN52846708	NO	
SAMN52846709	NO	
SAMN52846715	NO	
SAMN52846716	NO	
SAMN52846717	NO	
SAMN52846741	NO	
SAMN52846745	NO	
SAMN52846757	NO	
SAMN52846770	NO	
SAMN52846779	NO	
SAMN52846780	NO	
SAMN52846782	NO	
SAMN52846783	NO	
SAMN52846805	NO	
SAMN52846811	NO	
SAMN52846819	NO	
SAMEA119890498	NO	
SAMEA120030249	NO	
SAMEA114869890	NO	
SAMEA114869891	NO	
SAMEA114876657	NO	
SAMEA114876658	NO	
SAMEA114883668	NO	
SAMEA114883670	NO	
SAMEA114890491	NO	
SAMEA114890493	NO	
SAMEA114897642	NO	
SAMEA114897644	NO	
SAMEA114904106	NO	
SAMEA114904109	NO	
SAMEA114910517	NO	
SAMEA114910518	NO	
SAMEA114920032	NO	
SAMEA114920034	NO	
SAMEA114924454	NO	
SAMEA114924456	NO	
SAMEA114930892	NO	
SAMEA114930893	NO	
SAMEA114937657	NO	
SAMEA114937658	NO	
SAMEA114948509	NO	
SAMEA114948511	NO	
SAMEA114953018	NO	
SAMEA114953020	NO	
SAMEA114961102	NO	
SAMEA114961104	NO	
SAMEA114978887	NO	
SAMEA114978889	NO	
SAMEA114985093	NO	
SAMEA114985094	NO	
SAMEA114998623	NO	
SAMEA114998624	NO	
SAMEA115005388	NO	
SAMEA115005389	NO	
SAMEA114991858	NO	
SAMEA115012153	NO	
SAMEA114966889	NO	
SAMEA115012154	NO	
SAMEA114976709	NO	
SAMEA114991859	NO	
SAMEA114976707	NO	
SAMEA114966892	NO	
SAMN54448184	YES	GCF_055283915.1
SAMEA120943108	YES	GCF_978021325.1
SAMN61000671	YES	GCA_059068135.1
SAMEA122917693	NO	
SAMEA122917568	NO	
SAMEA122917984	NO	
SAMEA122918017	NO	
SAMEA122918824	NO	
SAMEA122917722	NO	
SAMEA122918072	NO	
SAMEA122917714	NO	
SAMEA122916885	NO	
SAMEA122917702	NO	
SAMEA122918004	NO	
SAMEA122917734	NO	
SAMEA122917732	NO	
SAMEA122917842	NO	
SAMEA122917824	NO	
SAMEA122917999	NO	
SAMEA122917740	NO	
SAMEA122917986	NO	
SAMEA122917705	NO	
SAMEA122917690	NO	
SAMEA122917831	NO	
SAMEA122916891	NO	
SAMEA122916888	NO	
SAMEA122917562	NO	
SAMEA122917663	NO	
SAMEA122917970	NO	
SAMEA122917351	NO	
SAMEA122917687	NO	
SAMN61959888	YES	GCF_060034325.1
